"","ID","Tuition","distanceKM_resid","Privat_public","Quality_teaching","Lack_teachers","Facilities_bad_cond","Classes_many_learners","Exam_pass_rate"
"1",10,7282.54232561757,0.549343576073302,0,1,1,1,0,36.6547816191983
"2",11,8099.37168812612,6.10665877428957,1,1,1,1,0,35.5326561356731
"3",12,7643.47072267061,3.29643152367929,0,1,1,1,0,39.7124575165094
"4",13,9287.63826133016,3.03165186961909,1,1,1,1,0,40.9070792877998
"5",14,8473.4462545695,2.41422808559956,1,1,1,1,0,35.627865106981
"6",15,8704.85611162348,1.81864264320328,1,1,1,1,1,38.2448510115365
"7",16,7393.26872896747,5.69387628971471,0,1,1,1,1,35.811763397736
"8",17,9780.98274637853,6.89270993760418,1,1,0,0,1,44.2400152236735
"9",18,6728.52732017141,0.158899531923652,0,1,1,1,0,49.3731405875884
"10",19,7864.9090489064,2.08716548122227,1,1,0,1,0,41.8100628411699
"11",20,6899.71089332853,3.52839232919526,0,1,1,1,1,47.0158938714724
"12",21,9920.71570882693,2.85251414774465,1,1,1,1,1,41.8726649477144
"13",22,7901.25488683348,3.49940691230687,0,1,1,1,0,41.6005598986687
"14",23,9332.90199178999,4.08169478836945,1,1,1,1,1,42.9795824825915
"15",24,9167.24763237842,4.78015419071345,1,0,1,0,0,40.5975758965882
"16",25,7247.29845253056,1.78605057598119,1,1,1,1,0,33.8088483883006
"17",26,8370.81561745588,1.58157693250145,0,1,1,1,1,39.038945827237
"18",27,7118.04177312846,3.02225576191948,1,1,1,1,0,35.6990881915393
"19",28,7462.67761874126,-0.521483753694063,0,1,0,1,0,38.4998111032824
"20",29,7670.26800585812,0.63663240061098,1,1,1,1,1,38.3562949676813
"21",30,6527.25725160432,0.0439661052198947,1,1,0,1,0,33.7688862121235
"22",31,8322.91630204591,2.02367249698649,1,1,1,1,0,38.0629780330387
"23",32,8307.73312021572,1.30721505253341,1,1,1,1,1,39.7800647091312
"24",33,7357.50038172434,3.23247593841025,1,0,1,1,1,43.5409401820057
"25",34,6952.1560542883,-2.57861212267608,1,1,1,1,1,41.5485516554309
"26",35,7888.03046819227,2.34893724744637,1,1,1,1,1,36.5235799670577
"27",36,7424.31015188844,1.5589249037968,0,1,1,1,0,39.9517739868253
"28",37,6870.15022241566,2.6620710061005,1,0,0,1,0,45.0403342519571
"29",38,8018.15172403296,3.43719491690375,1,1,1,1,0,44.6705146190101
"30",39,7396.41359940024,4.44162720619167,0,1,1,1,1,36.9837007139942
"31",40,8272.33559271416,1.10086532912358,0,1,1,1,1,40.4096523873436
"32",41,8170.14650389129,1.99771027112262,1,1,1,0,1,34.9238435219927
"33",42,7242.21666197623,0.620920107887255,1,1,0,1,0,49.4840732583585
"34",43,7011.80895981074,1.65173731435072,1,1,1,1,0,36.452333206055
"35",44,6377.27409207992,6.64494717329317,1,1,0,1,0,47.9493606401916
"36",45,8871.23522041954,2.59664457242883,1,1,1,1,1,37.2332892482565
"37",46,9289.72595619364,4.17763452404374,0,1,1,1,1,35.2922117344225
"38",47,8113.1963377366,0.335076209189759,0,1,0,1,1,34.2219578507418
"39",48,8076.60690748238,5.49484701312419,0,1,1,1,1,43.0054460891993
"40",49,8867.29906962292,0.706878189826996,0,1,1,1,1,41.7763798525781
"41",50,8713.60788917127,0.108954106960875,1,1,1,1,1,32.781415156486
"42",51,7936.6880212066,3.48957254719906,1,0,1,1,1,37.1183122433154
"43",52,9072.71963733731,2.93425426801933,0,1,1,1,0,31.2726011395824
"44",53,9363.44409321388,1.31168178046629,1,1,1,1,1,39.433334289114
"45",54,8888.16350880749,4.84914766513666,1,1,0,1,1,28.7461213032765
"46",55,8717.51406848553,2.49277936598289,0,0,1,1,1,47.8089330410273
"47",56,8206.13790373115,1.06738651936908,0,0,1,1,0,39.9790371801408
"48",57,7791.73018542897,2.32580026085799,0,1,0,0,1,36.4479534264449
"49",58,7917.80626656417,3.12854318973802,0,1,1,1,1,35.3376363790704
"50",59,10100.2569744543,5.5800697417807,1,1,1,1,1,39.3246814448789
"51",60,9376.15342724377,1.63230445308605,1,1,1,1,0,40.5252600634037
"52",61,7833.44458150616,4.56827190679805,1,1,1,1,0,46.1243736967269
"53",62,5882.87786348335,1.50039253316413,1,1,1,1,1,43.3971665491087
"54",63,8937.87521684485,2.99065917154989,1,1,0,0,1,35.9872240557603
"55",64,7378.72389836918,4.88390341101355,0,1,1,1,1,37.9989316158121
"56",65,7973.37438796316,3.57813641866566,1,1,1,0,0,38.7606119670716
"57",66,7755.81006717037,5.31169239060442,1,1,1,1,0,38.3549780329022
"58",67,7318.38337287785,1.01193309634676,0,1,0,1,0,31.4874295793136
"59",68,8142.2507175735,5.08961925458862,1,1,0,1,0,35.6488304718987
"60",69,9968.84114003257,-0.354351919710988,0,0,1,1,0,34.8496850403285
"61",70,9205.22407513738,1.64578588964499,1,1,1,1,1,34.1939523878641
"62",71,6583.7398881216,-1.06786874803648,0,1,0,1,0,41.6910021428172
"63",72,8911.24523778876,1.79609335367055,1,1,1,1,1,38.3619158779991
"64",73,7537.86387337859,4.1764241293614,0,1,1,1,0,41.8336893068144
"65",74,7992.06155047377,3.95958293028733,0,1,1,1,0,43.8482661816721
"66",75,6843.81038859126,-0.226056426548849,1,1,0,1,1,47.7049192768188
"67",76,8055.14014425648,-1.83943176770532,1,1,1,1,0,35.9648506026657
"68",77,7622.17074595232,4.39176394721432,0,1,1,1,0,38.0192607603191
"69",78,7791.33727574161,4.54199384402452,1,1,0,1,1,46.9150416152895
"70",79,8377.63553390953,-1.25923819045793,1,1,1,1,0,44.3681022214108
"71",80,9306.76982975435,5.30309685933481,1,1,1,1,0,47.4894709268287
"72",81,7150.28989640803,4.511309314787,1,1,1,1,1,45.1601968326116
"73",82,5813.3485922753,0.612878636576612,0,1,1,1,0,42.8265991643796
"74",83,8807.19542470829,3.99769415404838,0,0,1,1,0,34.7100911816379
"75",84,7841.36387301604,7.05877808312462,1,1,1,1,0,39.60985914885
"76",85,8913.8002025496,5.62845942012876,1,1,1,1,0,46.6207631750742
"77",86,7234.83376881327,2.64723549579487,0,1,0,0,1,43.4166156074519
"78",87,8781.86922352054,-0.052356908399779,1,1,1,1,1,31.0474194561488
"79",88,8758.1885677569,-0.207685650931088,1,1,1,1,0,41.3435456190993
"80",89,8630.88917211247,3.53103659135278,0,1,1,1,0,32.9501589423449
"81",90,6405.88876581168,3.04792337292034,0,1,1,1,0,39.2230492592741
"82",91,8341.05663736275,2.53440710156515,0,1,0,1,1,43.326622381088
"83",92,8960.80131127659,4.94098464037159,1,1,1,1,1,41.4703453641359
"84",93,7886.09656300907,1.88688183826133,0,1,0,1,1,41.4028074497231
"85",94,8132.38472611286,2.67730321315907,1,1,0,1,1,47.7632569327037
"86",95,7153.16735437716,2.91510688715246,0,1,1,1,0,36.7937767684072
"87",96,7006.91751660448,3.51447210991621,1,0,1,1,1,32.9299689030612
"88",97,8349.48264476393,4.14200611328623,0,1,1,1,1,32.5917790610401
"89",98,8511.4656391905,0.348981451342437,0,1,1,1,0,40.9093749142873
"90",99,9721.10704132376,3.69199823794943,0,0,1,1,1,44.4354829031071
"91",100,9030.72607779652,1.8246379828086,1,1,1,1,0,38.6266213317736
"92",101,6454.34402037119,3.21195082076307,1,0,0,0,0,39.1455247763624
"93",102,9766.26227578043,5.17368807284929,1,1,1,1,1,41.8317351373479
"94",103,8257.74203748947,4.26464074151059,1,0,1,1,0,42.5006818408101
"95",104,8864.40418583704,-1.2225469435526,1,1,1,1,0,42.3807278841633
"96",105,8844.97163252273,3.34669180025911,1,1,0,1,0,37.202245629636
"97",106,7258.22832559466,1.09508084583016,1,1,1,1,1,38.8207821558705
"98",107,6863.32924951731,3.87626231513123,1,1,0,1,0,43.5323913114554
"99",108,8409.02008581839,4.5384014243838,1,0,1,1,1,41.3849245708864
"100",109,7066.56823166877,4.12632194877335,1,1,0,0,1,39.0127115232583
"101",110,8531.0706498592,3.33089788447671,1,1,1,1,0,44.21561146911
"102",111,9157.3960543887,3.18786238204698,1,1,1,1,1,37.7863677519016
"103",112,6602.75223473849,-0.145437248298954,0,1,0,1,1,42.5569819695603
"104",113,9452.54439936551,0.515903170766299,1,1,1,1,1,31.1101049445316
"105",114,9881.88745226613,6.8880734544079,0,1,0,1,0,46.2889546742929
"106",115,8300.79389857853,1.2185915807766,1,1,0,1,0,39.0361451158382
"107",116,8378.48603654292,2.90643264193225,1,1,1,1,0,40.27081967356
"108",117,7765.4628759246,2.37299726561693,1,1,0,1,1,41.8432298745787
"109",118,10273.462425426,3.34289423202675,1,0,0,1,1,37.5945233771492
"110",119,5752.11663325735,2.73271099632251,1,1,1,1,0,36.1426122702363
"111",120,7072.06394478288,1.85333415246897,1,1,0,1,1,43.1181658680072
"112",121,8657.93981647559,5.51684194478959,1,1,1,0,0,44.6020353101641
"113",122,7713.82671695781,2.70660806795961,1,1,1,1,0,36.5746187084862
"114",123,6782.60963285315,5.33173747183362,1,1,1,1,0,42.5487473183822
"115",124,7200.40524494093,7.86027862291029,0,1,1,1,1,37.4971570320377
"116",125,7549.07867860373,2.97408808690899,1,1,0,1,0,41.2887681772464
"117",126,6654.69424074709,5.01253843155524,0,0,1,1,0,37.8552843029065
"118",127,7106.75034736674,7.13591554923835,0,1,1,1,1,45.643856986582
"119",128,7001.56978710333,1.30055089855262,0,1,1,0,0,40.4993756378788
"120",129,10213.6346967305,5.61555309527268,1,0,1,1,1,39.5045336515875
"121",130,9234.90893192982,5.45760986139372,1,0,0,1,1,34.1247141322842
"122",131,7376.59815417168,2.92875534560478,1,1,1,1,1,42.4731448989999
"123",132,8308.6311191578,3.74369753226817,1,1,0,1,1,37.5180746501051
"124",133,8214.92241930647,0.662744255993311,0,1,1,0,0,39.6713910626823
"125",134,9104.40575239723,4.22989017231625,0,0,1,1,0,33.3122370628114
"126",135,8220.22142196654,3.23445595842644,1,1,1,1,0,49.9351056827537
"127",136,7842.95215382806,5.44163168854363,1,1,0,1,0,43.56196916165
"128",137,7873.42249017434,2.93546289283175,1,1,1,1,1,42.4025704244145
"129",138,6537.33238757017,6.48687451796392,0,1,1,1,0,35.3086686173784
"130",139,4980.28375849856,4.29605438083839,1,1,0,1,0,39.9266094543536
"131",140,7620.12400751982,-4.09665614111089,0,1,1,1,0,34.706622933111
"132",141,8539.38242712976,4.62414088797616,1,1,0,1,1,40.3116347784707
"133",142,7844.96646253988,2.50498660564577,1,1,1,1,0,37.2808455206927
"134",143,6965.57579377457,2.30962395643177,0,0,0,1,0,37.1372920519964
"135",144,6093.83627113097,4.86259240530873,1,1,1,1,1,42.1721330240785
"136",145,7603.5427284158,-0.704382243438884,0,1,1,1,0,46.3506814361543
"137",146,8194.16570324139,3.5113687507021,1,1,0,1,1,40.7274472135516
"138",147,8779.98405495337,2.02670989743906,0,1,0,1,0,38.497546413521
"139",148,8513.47826019053,3.84878534542894,1,1,1,1,0,34.9438301576529
"140",149,8600.650917805,2.14513101417572,0,1,1,1,1,34.5385393264117
"141",150,6505.36422883069,2.2978188402816,1,0,0,1,1,43.4154370906084
"142",151,8443.94149935588,1.98555066399613,0,1,1,1,0,35.965263735999
"143",152,9131.85647210847,4.74376470101463,1,1,1,0,0,41.1614408230222
"144",153,8332.72441258875,2.55171143734551,0,1,1,0,1,44.5858039731669
"145",154,8203.81579086628,-0.101552458160624,1,1,1,1,1,37.2659039403208
"146",155,6962.82196849662,-2.75475769177877,1,1,1,1,0,46.3460594219945
"147",156,8230.11336631548,4.35008137017764,1,1,1,1,1,46.9091725263634
"148",157,8353.38012425083,3.57826908619352,1,0,1,1,1,38.6174608356885
"149",158,8060.00402762263,3.16657012169179,0,1,0,1,0,34.0477074286202
"150",159,6158.03844569724,1.82071688867767,1,1,0,0,0,53.9631095317966
"151",160,7253.99650224201,1.15203380980173,0,1,1,0,1,34.0113730359463
"152",161,8525.00695360663,5.1155091895466,1,1,1,1,0,42.4161393305467
"153",162,8438.68611540131,3.33982977090326,1,1,1,1,1,31.7596161416062
"154",163,8928.22392764241,5.41508152812062,0,1,0,1,0,41.2594614317249
"155",164,8757.11904649549,4.91992161397839,0,0,1,1,1,39.3114367855727
"156",165,7261.07546302905,3.48157663515511,1,1,1,1,1,42.8492378312591
"157",166,7575.97702130018,3.79929020070802,1,1,1,1,0,44.1990665226179
"158",167,6918.06873777953,2.11595701928769,1,1,1,1,0,43.075171876239
"159",168,8425.4680934887,1.55000383165084,1,1,1,1,0,44.799493261887
"160",169,7985.05510088322,4.54417781935484,1,1,0,1,0,39.12153849572
"161",170,8075.13682374188,3.6773472688733,1,0,1,1,1,37.2670847691228
"162",171,10378.8957248878,1.24316659489432,1,0,1,1,1,34.9402280777967
"163",172,6972.70313810297,3.24569827963561,1,1,1,1,0,43.5016290673068
"164",173,8755.10957528815,0.487233410473767,0,1,1,1,1,31.1670681240303
"165",174,7235.36917634314,4.09760221449738,0,1,0,0,1,40.7237560214882
"166",175,8093.41075453584,-2.31859247989889,1,1,1,1,1,44.98075551904
"167",176,7548.28502724758,1.82855039881277,1,1,0,1,1,53.5577775190609
"168",177,9716.20623037854,5.02392402333515,1,1,1,0,0,40.9272229690734
"169",178,8731.19520864264,6.07692273708138,1,0,1,1,1,36.1584773816548
"170",179,8945.4934464938,5.36204321533918,1,0,1,1,1,42.8998927630859
"171",180,7749.97310438156,1.86637530119725,0,1,1,1,1,48.1759911237745
"172",181,7636.51423938853,4.09350619942723,1,1,1,1,1,40.3369133962802
"173",182,7645.49483498462,4.11210052336978,0,1,1,1,0,36.4845598274769
"174",183,7483.77241044445,1.65348523059801,1,0,1,1,0,37.358785411245
"175",184,8120.34113767902,6.67875306452799,1,1,1,1,0,45.7207186803662
"176",185,7495.07795221581,-0.242551254974697,0,0,1,1,1,38.0699622462209
"177",186,8804.29042528666,2.19590150780958,0,1,1,1,0,42.2614134338043
"178",187,7520.95274741431,5.42795672252337,1,1,1,1,1,42.208435418221
"179",188,8535.93219963246,3.965954230224,1,0,1,1,1,49.7682299839785
"180",189,9706.85376204754,2.4995788327283,1,1,1,1,0,44.3117484386813
"181",190,9115.34952782636,2.04058203577907,0,0,0,1,1,39.9213676801868
"182",191,6933.04960920182,-0.767828976213214,1,1,1,1,0,38.2642659609107
"183",192,7469.44260899337,1.64112806253588,1,1,1,1,0,39.9484380042998
"184",193,8553.32873588997,5.28026115800222,1,1,1,1,1,35.3016404129072
"185",194,8806.35897778941,3.34000326666018,1,1,1,1,0,48.8794463982753
"186",195,6044.56396548366,2.18427515256195,1,1,0,0,0,47.3198841906483
"187",196,8391.65341019757,1.13051612232739,1,1,1,1,1,41.5087150607888
"188",197,9926.93951157606,4.76651333988645,0,0,0,1,0,36.5904124800068
"189",198,6789.90407622269,1.63981707460988,0,1,0,1,1,38.124883112958
"190",199,7565.15814903789,0.428083044142604,1,1,1,1,1,45.8528562101186
"191",200,8354.94207066451,4.64461267267999,1,1,1,0,1,40.8271640622088
"192",201,8523.83946384373,1.15992622207432,1,1,1,1,0,37.811864419983
"193",202,8369.83194321222,7.05645695192791,1,0,1,1,1,37.3965547058694
"194",203,9136.97633242865,1.32683012833343,1,1,1,1,0,40.6721808613829
"195",204,7559.05842781118,2.13779522788177,0,1,1,1,1,41.4402039104519
"196",205,8849.30893689073,4.04786143621515,1,1,1,0,1,37.9026044999461
"197",206,8949.83939246636,0.84382116929819,0,1,1,0,1,35.1203790378055
"198",207,8735.23754965982,2.33869369997653,0,1,0,1,0,34.9791030242357
"199",208,7371.05674409213,5.07780207939753,1,1,1,1,1,42.2441098645977
"200",209,8298.95662699781,3.54388024935469,0,1,1,1,1,28.6374259985226
"201",210,7613.06189301844,5.02862009701096,0,1,1,1,1,39.9966855340156
"202",211,9651.93101982908,3.73845628658834,1,1,0,1,1,40.0808169906385
"203",212,8654.91706333009,4.21501499451684,1,1,1,1,1,41.7565358987055
"204",213,9336.7346569066,3.8400016408227,1,1,1,1,1,38.210173047707
"205",214,7337.82461836292,0.612486869430789,1,1,1,1,0,34.8436750831252
"206",215,7251.97044454802,-1.1201114156722,1,0,1,1,0,31.3521043587085
"207",216,9185.31909625634,3.41270353471916,1,0,1,1,0,38.685521666105
"208",217,6653.09850062317,3.60212022604816,1,1,1,1,0,45.4266649235289
"209",218,6621.19302287875,2.81565323407529,0,0,1,1,0,32.7441885361544
"210",219,8053.83696000979,-1.33266861567394,1,1,1,1,0,38.0637013089612
"211",220,7395.31225019974,4.14243828973256,1,1,1,1,0,42.3919480070217
"212",221,7526.32872755862,2.28843211933423,1,1,1,1,1,44.4380595919369
"213",222,6290.28255321913,4.69785383496725,1,1,0,1,0,40.5863339037105
"214",223,7401.14537918767,3.6094251479466,1,1,1,1,1,32.7398738782326
"215",224,9337.05489736063,2.04839777020476,0,1,0,1,0,39.5555992152011
"216",225,10642.8481852226,2.21415922929167,1,1,1,0,1,37.6522657223336
"217",226,7573.93121994577,1.778916883215,0,1,1,1,0,36.7043782966391
"218",227,8348.62030231365,3.57982564465793,1,1,1,1,0,39.8011954019997
"219",228,7739.58486094167,4.94951262350579,1,1,1,1,1,38.0947737640304
"220",229,8322.64428682833,0.820742304489161,1,1,1,1,1,42.2882755312943
"221",230,8225.54698471475,3.78831945729019,1,1,0,1,1,33.9510794341177
"222",231,8548.51838523092,4.20023814891357,0,1,1,1,1,39.1934954483903
"223",232,7514.8412129166,9.78152910558786,0,1,1,1,0,49.2064716938781
"224",233,8922.09893342129,-0.530122648064994,0,1,1,1,1,40.3881101606169
"225",234,9040.78217636314,4.95837917640069,1,1,0,1,1,38.3391404620153
"226",235,5510.10947060029,0.847013118697729,0,1,1,1,1,34.652385129508
"227",236,8986.8035121948,2.54533689352456,0,1,1,1,1,33.2238824106485
"228",237,7792.17456570763,3.4089063431979,0,1,1,0,1,43.342679643301
"229",238,8343.97088060442,6.59300874072514,1,0,1,1,0,52.8070606942175
"230",239,7978.82732931715,1.35970449284281,1,1,0,1,1,44.5524332359472
"231",240,8744.4114841824,3.83660237744724,1,1,0,1,1,40.8395757825959
"232",241,8874.98358904871,2.96305586845066,1,1,1,1,0,42.2862593282302
"233",242,7359.21491705903,3.12499134985943,1,1,1,1,1,45.0082804184196
"234",243,7918.30242059596,3.11456571966475,1,1,1,1,1,42.2902145398084
"235",244,8738.22889253594,3.72158417585459,1,1,1,1,0,48.1774204956353
"236",245,8368.00593363783,1.8930692059112,0,1,1,1,1,43.3766671183834
"237",246,7584.46514423602,6.49138392105082,0,1,1,0,1,40.0530957373133
"238",247,8509.72112738693,2.68059252016377,1,1,1,1,1,50.1003828760586
"239",248,6328.42638529097,2.5051774133717,1,0,0,1,0,37.7057742364261
"240",249,7846.18417349652,-0.066599225933023,0,1,1,1,1,39.1374980861332
"241",250,6926.17312856372,1.1405060887723,1,0,0,1,0,34.1696567339135
"242",251,8393.71832793512,1.96249878034953,0,1,0,1,1,34.2136129996304
"243",252,9425.38894226316,4.81745557830434,0,1,1,1,1,51.385289074629
"244",253,8493.84488238655,3.13240027336556,0,0,1,1,0,37.9977286192152
"245",254,7893.20639559941,5.92398796295463,0,1,1,1,1,46.1924656758971
"246",255,6960.25703978319,1.4343456084679,1,1,1,1,0,48.0725756438345
"247",256,9083.76447532036,6.32331190381812,0,1,0,1,0,38.8388579598379
"248",257,8484.456648074,2.46351039616135,1,0,1,1,1,47.7846103304562
"249",258,7388.39255760886,1.4810017369328,0,1,1,1,1,42.1253212840103
"250",259,6342.15963301471,3.37182604572029,1,1,1,1,1,36.7092478315411
"251",260,7916.91604787826,2.76920738970777,1,1,0,1,0,37.5511184024841
"252",261,7962.34438288771,5.07646845858512,1,0,0,1,1,50.1277545464966
"253",262,8716.89806736766,3.07472535591352,0,1,1,1,0,41.8835986732483
"254",263,7597.30969722243,5.2774216436865,1,1,0,1,0,42.0841884445494
"255",264,7949.5449005373,2.15863504940914,0,1,1,1,0,46.2866291045498
"256",265,9426.79731837403,5.44163122882716,1,1,0,1,1,27.9406259213288
"257",266,8301.7659646064,0.776783179181783,1,1,1,1,1,40.0793745027593
"258",267,9103.66176629344,6.07000272438846,0,1,0,1,0,38.646416946759
"259",268,8832.42643161367,4.78394177533719,1,1,1,1,1,33.6657356516944
"260",269,7452.70916970193,3.63933752449474,0,1,0,1,0,38.9168384930314
"261",270,7726.51855588967,1.70694878897298,1,0,1,1,0,40.122964574205
"262",271,7297.55816076929,1.49093058242054,0,1,1,1,1,38.6283771601866
"263",272,9650.86440065043,4.33817210657345,0,1,1,1,1,35.0038675076816
"264",273,8377.01825854226,-1.88629273739161,0,1,1,1,0,34.9202518804954
"265",274,7310.27058871487,2.79621035497621,0,1,0,1,1,43.875093232298
"266",275,8806.20035040733,4.71168552219779,0,1,0,1,0,37.1689626344728
"267",276,8289.19339526913,4.00377222510695,1,1,1,1,0,37.1902759437919
"268",277,9175.84672875601,5.24465130838706,1,1,1,1,0,46.185286355768
"269",278,8382.69714552568,3.98076645055524,0,1,1,1,1,37.431313705885
"270",279,8731.51484073006,1.76622974279662,1,1,0,1,1,44.1053136426133
"271",280,8244.16304331444,0.2900875191193,1,1,1,0,0,40.4347120158466
"272",281,8329.75574822943,2.52376446771476,1,0,1,1,1,37.0225087914291
"273",282,7863.19016954783,1.71782719967768,1,1,1,1,0,44.4066179702858
"274",283,7621.34745646118,2.32484488641829,0,1,1,1,1,50.185788640352
"275",284,7401.13480244071,3.95615720679992,1,1,1,1,1,44.7376917045566
"276",285,7934.32303529835,4.43214225915461,0,0,1,1,0,34.1135077158714
"277",286,8956.98300981521,7.50013484795721,0,1,1,1,0,46.2475023691251
"278",287,7474.14518457572,7.86507636296936,0,0,1,1,1,38.8566140964195
"279",288,9198.90842948932,4.42701126071325,0,1,1,1,0,31.7934397057571
"280",289,6398.41613695247,-2.31901163085265,0,1,1,1,1,36.9643732878525
"281",290,8073.8756378674,3.97824247520484,1,0,0,1,0,48.2011538911474
"282",291,7341.71047926229,1.7714282801478,1,1,1,1,0,33.1027878130442
"283",292,8904.74188116353,5.00089892517731,0,1,1,1,0,37.6719613966531
"284",293,6142.04266481724,2.46747793426948,0,1,1,1,1,43.9388870551401
"285",294,7185.14141224864,6.40212367328165,0,1,1,1,0,39.9243925478771
"286",295,7984.23831250666,2.69974307796362,1,1,1,1,1,36.3342516981469
"287",296,7928.46923789763,0.0621069037799482,1,1,1,1,1,32.9986936012178
"288",297,7711.12412658499,-0.394757509273355,1,1,1,1,1,36.7140376560179
"289",298,7899.91143671443,4.0519005767143,1,1,1,0,0,36.0585319525799
"290",299,8733.10448035118,2.74214525178954,1,1,1,1,0,39.1706417192892
"291",300,7178.63455628361,1.28590935492994,0,0,1,1,0,42.7008514652986
"292",301,7545.72484625528,2.52281879905742,0,1,0,1,1,42.6322001794082
"293",302,7952.3976140155,1.75913002010803,1,1,1,1,0,40.4756411421632
"294",303,8148.9586897688,1.80012830533152,1,1,1,1,0,42.3871558725348
"295",304,9039.16415213375,5.71828788150489,0,1,1,1,1,49.3831271037755
"296",305,8074.75870123188,4.4089361831562,1,1,0,1,1,44.2831148125242
"297",306,10110.6162329083,1.86649248870016,1,1,1,1,0,33.6567133054007
"298",307,9123.10164612324,2.84952083668724,0,1,1,1,1,39.6941961479358
"299",308,6498.39447877445,3.83199496390135,0,0,1,1,0,37.9509773750047
"300",309,8812.68520238066,4.31996819071166,1,1,1,1,1,50.2355039406092
"301",310,7855.64290309559,-0.537283962046986,0,0,1,1,1,47.1291883841384
"302",311,6631.89213425858,4.09721294035257,1,1,1,1,0,43.8236959866162
"303",312,10091.9292962816,3.4807694305402,0,1,1,0,0,34.697227693519
"304",313,7581.48558332007,3.13524016839206,0,0,1,1,0,43.7809752384464
"305",314,7769.63050216211,2.15973573618422,0,1,1,0,0,36.2013035113405
"306",315,7186.60974230274,1.88330085699845,0,1,0,1,0,38.9550779596796
"307",316,6772.34902565252,2.16834812476638,1,1,1,1,1,39.8597557223865
"308",317,8160.22861404444,2.51282472454045,0,1,1,1,1,47.6037695741021
"309",318,8988.3580688423,2.40663731176448,1,0,1,1,1,45.1272869797643
"310",319,7207.34491935474,3.13518480495317,0,1,1,1,0,35.4705400723711
"311",320,6117.1644563507,0.891762789572423,1,1,1,1,1,46.3162014011465
"312",321,10653.0593866152,-0.158823803635082,1,1,1,1,0,40.4589398867096
"313",322,9223.78454586806,7.42477853988068,1,1,1,1,1,37.0580482782436
"314",323,7975.1929493638,2.79227740570581,1,0,1,1,1,47.4529736961068
"315",324,9149.38720108531,-0.590294261066308,1,0,1,1,0,35.6163183975932
"316",325,8054.11573382992,5.10512270775963,0,1,1,1,1,38.280715927233
"317",326,8318.54874455569,5.54807669442485,1,0,0,1,1,40.6421352271692
"318",327,8242.49704106696,2.56568701766704,0,1,0,1,0,45.0760603502651
"319",328,9432.286925687,-0.60588804213597,1,1,1,0,0,36.9963039416606
"320",329,7895.43690078114,-0.26524941510216,1,1,1,1,0,36.5645707195277
"321",330,9767.13033335644,1.46905691480842,0,0,1,0,1,30.2389479050167
"322",331,7542.10279763541,5.11147636151505,0,1,1,1,0,26.85314435732
"323",332,7276.27615390725,2.37015806532343,1,1,1,1,1,45.5544373931649
"324",333,7590.76967130408,2.19895969598459,0,1,1,1,0,38.6271129067869
"325",334,7926.88879134627,2.18784297686177,1,1,0,1,0,41.3616952234132
"326",335,10310.1239738083,1.20701359424642,1,1,1,1,1,43.1309266904337
"327",336,8159.44540036541,1.15433398313244,0,1,0,1,1,37.906459373492
"328",337,8000.17878859449,3.71749122642411,1,0,0,1,1,38.566312667163
"329",338,8924.30349586439,3.46840860577638,0,0,0,1,1,51.0209706490349
"330",339,7917.0984324643,-0.702910617988766,1,1,1,1,0,39.5743155250457
"331",340,8428.42302618953,-1.0132324071913,1,0,1,1,0,49.7025358367831
"332",341,6714.75765589116,5.22408398699043,0,1,1,1,1,38.2661779040326
"333",342,8096.31441153525,5.84254046618229,1,0,1,1,0,39.614736025148
"334",343,8236.38698400634,1.84977053202937,1,1,1,1,0,35.4001676053706
"335",344,7177.46253076306,3.8696332344113,0,0,1,1,0,42.6806243302109
"336",345,8111.26067367353,3.5308267834042,1,1,1,1,1,39.3707433950902
"337",346,7665.87923335906,-1.14361988525804,1,1,1,1,1,32.1130529395552
"338",347,9352.45799099636,2.88319531272491,0,1,1,1,0,39.8520514374426
"339",348,8403.45643536879,5.54680248880045,0,1,1,1,1,36.1078733064198
"340",349,7808.93860988796,0.494933084201298,1,1,1,1,0,45.7711486274826
"341",350,7770.84814419556,4.44915921035423,1,1,1,0,1,41.8130186899931
"342",351,7562.9179213197,1.31395356329273,1,1,1,1,0,44.2245276808028
"343",352,6488.07834993724,5.46450233742177,1,1,1,1,0,38.6268705824445
"344",353,8483.97998071625,2.42139474369697,0,1,1,1,0,39.0999335716916
"345",354,7744.1146284327,2.27207691868847,0,1,0,1,1,28.5728953029589
"346",355,7356.55689713866,4.16295265988983,0,1,0,1,1,42.8389130934009
"347",356,7060.67151263231,3.01814859104524,1,1,1,1,0,41.1102237380604
"348",357,8517.8350144263,6.05893660638229,1,1,1,1,1,47.9951878662575
"349",358,7534.63386970216,4.14515569455515,1,1,1,0,1,38.5165469643096
"350",359,6373.05820052974,3.62747003166857,1,1,0,1,1,39.9052111942152
"351",360,10050.4786653613,0.0251072089764457,0,1,1,1,0,34.5971158722665
"352",361,7315.83195673522,2.52763864057413,0,0,1,1,1,38.4308487806045
"353",362,7521.9493000045,1.58619288168977,0,1,1,0,1,44.8230618794068
"354",363,10140.3530945605,4.90409375230649,1,1,1,1,0,31.0662819855325
"355",364,8669.91635447222,2.43008735095571,1,1,1,1,0,28.1526733893308
"356",365,7999.37838097255,5.10595043866574,1,1,1,1,0,33.361269836708
"357",366,6831.42234069815,2.82261639154692,0,1,1,1,1,36.6536797664403
"358",367,6957.52608346386,2.60826358603091,0,0,0,1,1,39.1867967758719
"359",368,7081.18771863097,3.74009446902181,1,1,1,1,1,36.1993452561585
"360",369,6631.79797241266,1.48870224903732,1,1,1,1,1,41.840690002581
"361",370,6872.78351919669,3.43124373962405,1,0,1,1,0,47.6247248384338
"362",371,6964.05076017497,8.70941389107977,1,0,1,1,0,33.3929884681636
"363",372,8037.50654363571,4.99984396809967,0,1,1,1,0,49.034794086549
"364",373,7738.4251130141,3.6054946947139,0,1,1,1,1,43.4312637504628
"365",374,7158.85971015688,4.02821267783009,0,0,1,1,1,33.2776845113625
"366",375,9639.4226282597,3.66203726550178,0,1,1,0,0,47.5620500046083
"367",376,7936.13859275321,2.23921323863697,1,1,0,1,0,38.8153892107486
"368",377,10019.0415638341,2.08154594015642,1,1,1,0,1,43.246729839187
"369",378,9734.53357562644,2.97874670222678,1,1,1,1,1,38.148317625263
"370",379,6263.45484452553,2.16080775288364,1,1,1,1,0,31.2505056675297
"371",380,7356.15845166326,1.47657339897316,0,1,1,1,1,39.3762254510727
"372",381,8968.23107922467,4.60867894440737,0,1,1,0,1,24.7750396736473
"373",382,8379.97414521995,0.336533696014078,1,1,1,1,0,40.9523912440326
"374",383,8412.16305371969,2.99193230585908,0,1,1,0,0,46.4621714918383
"375",384,8984.14479021402,-0.0275101886581939,0,1,1,1,0,42.0258251587528
"376",385,5780.84118198258,2.71250361313858,0,1,1,1,0,36.4001081662816
"377",386,8912.96117423128,0.510079753619862,1,1,1,1,1,39.3677687977412
"378",387,9231.79922268564,7.74193164479689,1,0,0,1,1,42.4777934145393
"379",388,7604.0431008774,2.19213255791549,1,0,1,1,0,28.7222106462373
"380",389,8510.86939482853,0.638600017968749,1,1,1,1,0,49.9970397314606
"381",390,10582.1968555543,3.79042349933532,0,1,1,1,1,34.3310971554216
"382",391,7933.92694194783,0.38691849026855,0,1,1,1,0,38.3735499166476
"383",392,8559.7399194273,2.49519569200437,1,1,1,1,0,38.9209151999099
"384",393,9391.87982128365,3.80197883634954,1,0,1,1,1,40.4731056299917
"385",394,7758.3679733612,3.43622735764264,0,1,1,1,0,33.2800172796332
"386",395,7965.10714885223,0.927847919688839,1,0,1,1,0,28.513887439213
"387",396,7208.22127116921,5.05293721618628,1,1,0,1,1,38.7004047607371
"388",397,9288.32954077145,-0.860221471869928,1,1,1,1,1,42.7298410584676
"389",398,8506.23706930625,3.0098805886456,1,1,1,1,1,34.1920857457774
"390",399,8801.37986582571,-3.04712874229971,0,1,1,1,1,41.0847152588901
"391",400,7338.81358140655,4.42268424962631,0,1,1,1,1,36.2092154110232
"392",401,8301.35198682219,-0.363198207815138,0,1,1,1,1,43.4411018913499
"393",402,8494.58995906742,0.958528707180838,1,1,1,1,1,33.7249413866491
"394",403,10542.6607897029,2.68906933796777,1,1,1,1,1,44.9845272978825
"395",404,6928.15463003745,3.29539271346308,0,1,1,1,0,52.1188392538715
"396",405,8773.34827539979,3.54100669553729,0,1,1,1,0,43.5085566224518
"397",406,7768.47769326282,2.1561421806393,0,1,0,1,1,31.9854752394568
"398",407,9064.92251339825,0.169384382635178,1,0,0,1,0,46.9152268585636
"399",408,7606.83718528784,6.97028101945001,1,0,1,1,0,41.4600579294769
"400",409,6882.83338303713,4.60231728391901,0,1,1,1,1,48.1774683974431
"401",410,13216.7219549327,1.23114825957119,1,1,0,0,0,73.7728343823305
"402",411,10481.2152428336,2.02284837760967,0,0,1,0,0,65.1121621809129
"403",412,8992.76116228352,0.995758366884208,0,1,1,1,0,66.0639375910904
"404",413,7020.41370962055,3.70415625909696,1,0,1,0,1,74.6187298887456
"405",414,12772.8867373726,1.43310816394805,0,0,1,1,0,76.9233107931059
"406",415,8919.28675200545,2.3489365661436,1,0,0,0,1,65.6395439291475
"407",416,10391.1201888952,1.69963706343064,0,0,0,1,1,72.5962404195402
"408",417,9247.58145244921,0.981135687416037,0,0,0,1,1,71.5585395668697
"409",418,10142.5669291125,1.56745452311421,1,0,0,0,0,72.7170108476735
"410",419,10599.6514254093,1.73523799134053,0,1,0,1,0,73.326541087248
"411",420,11340.5708543116,2.79054513572363,1,0,1,1,0,76.2709592683481
"412",421,10456.5482779706,4.05638664017478,0,0,0,1,0,84.0575431520372
"413",422,11911.124985892,1.78236161779481,1,0,0,0,0,71.5156303997735
"414",423,12956.5678560377,2.84141188154992,0,1,1,1,1,75.2364728994803
"415",424,11912.8992922575,1.66095463580678,0,1,1,0,1,62.2377984449236
"416",425,11258.8032776349,1.3643890424736,0,0,0,0,1,63.5577359017523
"417",426,10301.2697980313,2.69899387858539,0,0,1,1,1,69.136547190132
"418",427,10043.6038981695,2.76267060153297,0,0,0,1,1,72.1531072331438
"419",428,9173.52833601197,3.94822660531631,1,1,0,1,0,66.2153943097207
"420",429,7465.77297930899,1.43659029634702,1,1,0,1,1,64.6100553243448
"421",430,8959.98711067586,2.42542173779754,0,0,0,1,0,70.7116838138897
"422",431,7481.85445179928,1.55124023543002,1,0,0,1,1,71.0469630249839
"423",432,9765.08594179413,1.59443590310991,0,0,0,1,0,67.4327035840159
"424",433,8359.65588715569,2.91622439657281,1,1,0,0,1,67.85537257575
"425",434,11166.3572787049,2.18141460817994,1,0,1,0,0,63.7927242123422
"426",435,7993.00964172255,2.23904505026938,0,1,0,1,1,69.9845839754249
"427",436,14639.4462040655,1.06912652956371,1,0,0,0,0,75.2294250459543
"428",437,7898.17369244562,2.83812817845131,0,0,0,1,0,77.1043907864804
"429",438,9090.33735688166,2.46981524575003,0,0,1,0,0,64.8205033933333
"430",439,14047.6252655434,3.14051943849523,0,0,1,1,1,66.4443611165138
"431",440,10711.7067461693,1.29464684717057,0,0,0,0,1,76.1812962797352
"432",441,11909.3757534523,0.168546703503358,0,0,1,1,0,71.1322019257445
"433",442,13753.3846131979,1.90214121886495,0,1,1,0,0,72.3468733355782
"434",443,12196.8326922069,3.53320441260158,0,0,0,0,1,66.2759764193373
"435",444,12274.939906998,2.15843591992464,0,1,1,1,0,70.9872285226386
"436",445,6222.47566534412,4.46311266728964,0,1,0,0,0,73.3370921619978
"437",446,9678.67672734061,1.77028166228337,0,1,1,1,1,71.6842088357989
"438",447,5423.51317412001,1.87453838627818,1,0,1,0,0,62.3090193686
"439",448,9353.42471933644,2.92517540296468,1,0,1,1,0,77.2448489138993
"440",449,10424.617029174,0.833226091840371,0,0,1,1,1,62.4962532459931
"441",450,10715.6543326635,2.82332237806859,0,0,0,1,0,70.1183668451766
"442",451,10689.0642291252,2.41698878280262,0,0,1,1,1,66.215112522605
"443",452,10747.9995533888,3.62515803332968,0,0,0,0,0,69.1216052266073
"444",453,8629.58136303914,2.48180581797405,0,0,0,1,1,69.1719325918319
"445",454,9954.00611888806,1.98383714742655,0,1,0,0,1,69.1625053949471
"446",455,7935.72630131638,2.09564142561563,0,0,0,1,1,71.7361657136897
"447",456,9828.64651785285,1.05429352013802,0,0,1,1,1,65.6734727374959
"448",457,12725.7132487898,2.16377750674297,0,1,0,0,1,70.961791407754
"449",458,9210.24065115169,2.24159170082747,0,1,0,1,0,70.3376077816971
"450",459,9054.07867111781,2.97571145038822,1,1,0,0,0,68.2884880182492
"451",460,9702.7887279261,1.57584305000859,0,0,0,1,0,80.4921207334693
"452",461,8139.95011888947,1.40400872148066,0,0,0,1,1,68.4333421825372
"453",462,14575.4028756436,2.86066282436161,0,1,0,0,1,69.3478426703428
"454",463,10421.2554550037,2.0387540229893,0,0,1,0,0,67.3723665966782
"455",464,6729.09486535239,0.69135902464074,0,0,0,0,1,72.2830857433518
"456",465,10266.8079830394,1.33781991664132,1,1,1,0,0,71.1070565140623
"457",466,11027.0615980484,2.18912002673102,0,1,0,0,0,64.6063315820206
"458",467,11342.429451911,2.21249562691513,0,0,0,1,0,65.9079788835642
"459",468,9963.83117119983,1.37133728392225,0,1,0,1,1,76.861488491005
"460",469,9333.00445984202,1.07010894634777,0,0,0,1,0,72.2550705824972
"461",470,8106.7419882956,4.03450854234727,0,0,1,0,0,66.6538879783813
"462",471,14207.5244921838,2.95012645216445,0,0,0,1,0,66.289655200188
"463",472,11041.7571315436,1.79844430811661,0,0,1,1,0,67.4207717800683
"464",473,10251.4202657185,1.11653086619171,0,1,1,1,1,75.4164792696483
"465",474,8449.25032370862,2.4765899636438,0,1,0,0,1,70.0025488952141
"466",475,11405.584374329,1.64309816341083,0,0,1,1,0,71.0358409678927
"467",476,11304.9178155166,1.84705276599028,0,0,0,0,1,70.9951969320435
"468",477,7223.04889594284,2.09764959617665,0,0,0,0,0,65.076650026721
"469",478,12015.5425029689,0.824788045324526,0,1,1,1,1,83.800636463285
"470",479,10377.7288037422,1.00536350088198,0,1,1,1,0,66.4033604736758
"471",480,11462.0670266045,1.82746467906895,0,0,1,1,1,66.944217452054
"472",481,16638.3592777693,3.34745413627663,1,0,0,1,1,75.6700940092088
"473",482,8082.43312759186,2.29022643020885,0,0,1,1,0,62.4677949884691
"474",483,14262.2991868475,2.92953886716962,1,0,1,0,1,72.8783217863444
"475",484,11227.6930961518,2.34192879651857,0,1,0,0,1,63.9699591374507
"476",485,11194.4135386149,1.84293377953603,0,1,0,1,0,68.2753584562411
"477",486,7972.44135471062,0.968929100534576,1,0,1,1,0,68.3644508990515
"478",487,10309.4146448538,-0.0432792248192926,0,1,1,1,0,71.1412847299786
"479",488,15156.7333520964,1.77918945955936,1,0,1,1,0,69.0022364524256
"480",489,11303.2173613876,1.7646863583868,1,1,0,1,0,68.0541470378994
"481",490,7491.75230144833,0.226947521564605,0,0,1,1,0,67.575629049895
"482",491,9679.60582897574,3.39604283234944,0,0,0,1,0,70.9632677649522
"483",492,10254.2095197123,-0.030862232054369,0,1,0,0,0,70.375064666606
"484",493,7644.29076082099,1.52271906490634,0,0,0,1,0,69.4969531022848
"485",494,9032.36936107362,1.78196559027731,1,0,0,1,1,71.7102268037768
"486",495,11630.1456934365,1.75267012085572,1,0,1,0,0,67.2733009147987
"487",496,11905.9401430256,0.940282767903091,0,0,1,1,1,72.7765689750884
"488",497,12679.0481493371,1.43249208224258,0,1,1,1,1,63.8526982920957
"489",498,11750.9132342201,1.38385145360661,1,1,0,1,1,67.5751623414914
"490",499,7464.03856910727,0.459352892067521,1,0,0,0,1,75.3316822074868
"491",500,9284.48400006339,2.66275249775708,0,1,1,0,0,66.7524002598851
"492",501,8235.55915622362,1.7034992640395,0,0,1,0,1,67.0355058617812
"493",502,11306.8084074008,1.07666746618397,0,1,1,0,0,71.3917794163689
"494",503,7205.98420396731,1.88245474408177,0,0,1,0,1,67.4384543544681
"495",504,6554.53226840628,2.34487389342289,0,0,0,1,0,72.2257218827388
"496",505,7398.19243342713,2.11253876917375,0,1,0,0,0,73.2377790171188
"497",506,5071.28863563907,0.540721129027632,1,1,0,0,0,73.9728814414186
"498",507,10714.1893169762,1.17284949867726,0,0,1,0,1,69.6761628641751
"499",508,11241.1922492479,3.50683171206491,1,0,1,1,1,68.7780436220723
"500",509,8651.60051063208,2.13269904778223,0,0,1,1,0,71.8632014498868
"501",510,6703.66308684195,4.2559377118768,1,0,0,0,1,74.6736435233868
"502",511,10389.5608540659,2.00594371892019,0,0,1,0,1,75.4014536441779
"503",512,9670.98910308446,0.801836459671837,0,0,1,1,1,66.556863334687
"504",513,8105.49860624519,4.74874997345661,1,0,0,1,0,68.5326862317343
"505",514,7577.56678301798,0.472923341021888,0,0,0,0,1,60.2514603623319
"506",515,15035.3388688978,1.39176417572987,0,0,0,1,0,69.0547864967565
"507",516,11721.9974604634,1.75163167026942,0,0,1,1,1,74.731940080148
"508",517,10545.2821332929,0.815412828826882,0,0,0,1,0,64.9005629019385
"509",518,8423.66742277215,0.653555813999812,0,1,0,1,1,56.5287478450574
"510",519,10263.1590136873,-0.306616329502863,1,1,0,0,0,70.3918036170978
"511",520,8734.04913160452,2.0180433489967,0,0,1,1,0,70.8118131838054
"512",521,5593.51370055297,3.02823868120772,0,0,1,0,0,76.8059112090672
"513",522,7989.81104453168,-0.337962896030309,1,0,1,0,1,69.2177745532698
"514",523,8921.20171326403,0.423176459721854,0,0,1,1,1,74.9781390836651
"515",524,9100.4482758761,2.96035886154682,1,1,0,0,0,68.0582170422468
"516",525,8145.83019246868,2.3721429945789,0,1,0,0,1,65.4014030449806
"517",526,11647.1310445167,1.71757108854619,1,1,1,0,1,73.2095304717743
"518",527,7069.15977823127,1.75815147417047,0,1,0,0,1,61.0766417828769
"519",528,10659.8208946166,3.30222851884178,0,0,1,0,1,65.2129033689033
"520",529,11864.4989256078,2.03527373099685,0,0,1,1,0,73.2782339882767
"521",530,10900.4312095164,1.38500794789891,1,0,1,0,0,72.3498957793393
"522",531,10401.1279930645,-0.299892963399225,1,1,0,1,0,70.1892659004663
"523",532,8314.64657142161,2.77341390964551,1,1,0,0,1,73.0010821271632
"524",533,11413.2856476861,2.63527141884927,0,0,0,1,0,65.2206838617044
"525",534,10804.0212672392,0.219561188989568,0,1,1,1,0,71.4221013890551
"526",535,10615.0792469975,0.84421859328432,1,0,0,1,1,73.0212978709764
"527",536,12039.7012828476,0.562897894091975,1,1,0,1,1,77.1405762104548
"528",537,14823.5331758094,2.11518643823682,1,0,0,0,0,70.6160574785483
"529",538,9395.93851425587,2.14150049591466,0,0,1,0,0,66.8868887785165
"530",539,12958.6684303751,1.34040757029178,0,0,0,1,1,70.6829209395596
"531",540,8675.41520013403,2.31830207610861,0,0,0,0,0,79.0551220635729
"532",541,10234.0205170792,1.55658192753592,0,0,1,1,1,69.8717777465388
"533",542,12833.9110300072,2.591723083208,0,0,0,0,0,83.2341191401386
"534",543,8310.74428039081,2.32545978003114,1,1,0,0,0,65.3702074669981
"535",544,8885.76047189001,2.03970484205486,0,1,0,1,0,69.2706058960266
"536",545,9184.59520299674,3.70560296106752,0,0,1,1,1,62.2554067241949
"537",546,9933.86559152178,0.0635976745655669,0,1,0,1,1,69.4411635849027
"538",547,10584.508394875,0.838394088639318,0,1,1,0,0,78.1161936549219
"539",548,12332.9863382484,0.578442008513273,0,0,0,0,0,78.6450819706568
"540",549,9060.21485216531,2.1056653715109,1,1,0,1,0,69.0364845001126
"541",550,12119.7194132708,2.53535688956996,1,0,0,0,1,69.4567383684516
"542",551,12854.8268319576,2.4065061600364,0,1,1,0,1,65.0272949620885
"543",552,10728.1348652497,1.25220982029022,0,1,0,0,0,69.864344912716
"544",553,9184.38896942352,2.12609819151391,0,1,0,1,1,74.4750461477221
"545",554,10968.4062005112,2.79415522153658,0,0,1,0,0,81.0174399253089
"546",555,9731.79659259901,2.83423995164004,1,1,0,0,0,66.7519244610119
"547",556,11265.1179697487,1.37184718353315,1,0,0,0,1,65.3066877568358
"548",557,8371.21967575833,2.74599309917994,0,0,1,0,0,62.6480913036226
"549",558,10406.3888267649,1.71826015413723,0,1,0,0,0,77.9777893126602
"550",559,7232.65736132609,1.19997259835119,1,0,0,0,1,65.304142044689
"551",560,6554.17493159714,2.85280798627785,0,0,1,1,0,65.9498182667477
"552",561,5922.38762076884,1.82197207687923,1,0,1,1,1,69.4559866324443
"553",562,8484.03059982663,1.62427929527109,0,1,0,1,0,77.0988679617431
"554",563,8891.40178039541,3.65514948666848,1,0,1,1,0,67.0364123478631
"555",564,13441.9367871036,1.23646407563778,1,0,0,0,1,74.9894725921731
"556",565,7765.64014869061,2.41960040489592,0,0,1,1,1,65.6832892942606
"557",566,7782.96231902481,2.05120104061509,0,1,0,1,0,77.1518600794532
"558",567,12891.2959177085,3.98672825650825,0,0,1,1,1,71.1246762816195
"559",568,10871.5060028644,2.72411516693193,1,0,0,0,1,73.5614390647345
"560",569,9584.00115342577,3.76664374464126,0,0,0,1,0,70.9602560294781
"561",570,9070.67572775955,2.883589086966,0,0,1,0,0,73.1472058957057
"562",571,11087.4309898724,1.21358402311842,0,1,0,1,1,69.0652789948464
"563",572,11401.2173923056,1.43744023762853,0,0,1,1,1,63.7955461087518
"564",573,12882.1473755066,2.32428192870182,0,1,0,0,0,71.7026441330968
"565",574,12017.0885143559,0.289086677993714,0,0,0,0,0,75.8285276455538
"566",575,8608.79735842599,1.36569304651211,0,0,0,1,1,70.022557874997
"567",576,8730.69733768945,0.65910243239683,0,1,1,1,0,73.944643770567
"568",577,12863.818134544,2.84454310407821,0,0,0,1,0,76.2894390888383
"569",578,11017.5583225539,3.74906053254478,0,0,0,1,0,70.0366869165991
"570",579,8434.88292029409,1.61317728233739,1,0,0,0,0,71.0151921427006
"571",580,10540.9753056955,3.11941979757797,1,1,0,1,1,67.2721212936286
"572",581,7879.76708508495,2.27069268137012,1,1,0,0,0,76.3819137616186
"573",582,13900.1651400557,2.40582532388168,0,0,0,1,0,69.0878020165484
"574",583,14930.2984819838,1.52966105787036,0,0,1,1,0,75.3366063289641
"575",584,10789.0424413012,2.53092274522661,0,0,0,0,0,72.5483270045376
"576",585,10331.3577733568,3.74014485202319,0,0,1,1,1,64.6531058594504
"577",586,9702.10707258618,0.981021767565207,0,1,0,1,1,76.3575383691912
"578",587,9601.08432212108,3.66776705302563,0,0,0,0,0,69.4708920535418
"579",588,11361.6465402161,0.947995267753641,0,1,1,1,1,73.7021056743376
"580",589,9658.56412426285,0.701015470218646,0,1,0,1,1,72.115541207169
"581",590,10576.72049607,2.76921312091838,0,0,0,0,0,75.2010269219149
"582",591,11730.7368483387,1.68165450740309,0,0,0,1,0,61.2415186253693
"583",592,8658.18312007194,1.52313651247548,0,0,0,0,1,65.9409768445632
"584",593,10661.6724766384,1.73438271235837,0,1,1,0,1,70.3641897564508
"585",594,10088.4127019261,1.38752305632327,1,1,1,1,1,67.8409036511427
"586",595,9302.36218727537,1.10352350054498,1,0,0,1,1,74.5268091848012
"587",596,8657.14312217315,-0.173468349373402,0,0,1,1,0,64.5568527170102
"588",597,13316.5550557347,1.62934605198023,1,1,0,1,1,76.3600444221296
"589",598,9539.52098143526,1.99284840542135,0,1,0,0,0,67.296191418524
"590",599,12492.6087790551,2.3517098299992,1,1,0,1,1,69.4516234962814
"591",600,6390.33437221206,1.18230013460446,1,0,1,0,1,61.2075711173465
"592",601,13419.4637540637,2.56239788969122,0,1,1,0,1,72.2076680907048
"593",602,6993.48037430785,1.37726786092015,1,0,1,1,0,65.876513313617
"594",603,6382.02343474277,1.6529791496665,0,1,0,1,0,64.1456553440274
"595",604,9127.28081852942,2.16344617275417,0,0,0,1,0,65.0345897378985
"596",605,7222.92275139641,2.31043294517727,0,1,0,0,1,77.8803851020185
"597",606,9808.99279206091,3.56885885801187,0,0,0,1,0,66.6964947783749
"598",607,13564.804389502,2.65193972934803,0,1,0,1,1,75.9536642948655
"599",608,12063.2486177779,2.00288337929004,0,0,0,1,0,74.6967977183116
"600",609,12905.5626890535,3.15481000496655,0,0,1,0,1,69.9028358710793
"601",610,6145.563569042,3.06808810036069,0,1,0,1,1,65.3630036179073
"602",611,10065.8815157142,1.72376543601659,0,1,1,1,0,72.615004236203
"603",612,9520.9553924574,1.23488589618902,1,0,0,1,1,70.6055277300439
"604",613,10508.7769891283,1.33096404744932,1,0,0,0,1,68.148842873372
"605",614,11570.7611099125,1.51019641417103,0,1,0,0,1,75.5909833672816
"606",615,10172.9752073138,2.40823690777878,1,0,0,0,0,69.1930651562753
"607",616,12908.8160018913,2.15750761820208,0,1,0,1,1,65.892019723648
"608",617,5290.94758288468,3.35079416038313,0,0,0,1,1,76.0644384976094
"609",618,14359.392941434,1.17656732252816,0,1,0,1,1,59.3592779503337
"610",619,11885.9209631473,1.10154323287378,1,0,1,1,1,63.5157790609451
"611",620,9227.76056260491,1.24344335945571,1,1,0,1,0,76.5589259714859
"612",621,6606.17446287076,1.3814845098486,0,1,0,1,0,72.8271572854648
"613",622,10664.7232023249,1.21410577650031,1,1,0,1,1,65.9482437186534
"614",623,11455.9409778311,3.74798369973241,0,0,0,1,1,68.7458441336723
"615",624,10529.4290134588,3.10546057465336,0,0,0,0,1,69.8690446704953
"616",625,10069.4004775404,1.92702442914236,0,1,1,1,0,74.6234821036153
"617",626,9388.75526889261,0.946412455882095,0,1,0,1,0,65.3208741975666
"618",627,13245.8171953173,1.81801655397704,0,1,0,0,0,83.646334613611
"619",628,7764.12258531434,3.58808578465114,0,0,0,1,0,69.5362621772158
"620",629,9557.52598132044,1.92990083310888,0,1,1,1,0,68.0474980525415
"621",630,11944.9176475064,1.0242276209847,0,1,1,0,1,73.2051873100368
"622",631,5132.59086907525,1.06666909191336,0,0,0,0,0,71.1610755609752
"623",632,10712.7977203844,1.80838954477702,0,0,0,0,0,80.0341991665204
"624",633,10273.1948122773,3.73044114564573,1,0,0,1,1,66.8431698210119
"625",634,14398.1389806457,1.33943831555254,0,1,0,1,1,70.9633922710409
"626",635,7431.00194971663,1.97411201924572,0,0,0,1,0,79.1147769917747
"627",636,11756.9880393573,3.95227425465571,0,0,0,0,1,79.1733940179029
"628",637,10163.920867911,1.67754354199252,1,0,1,1,1,73.5999919760951
"629",638,14233.3703313108,1.53814294024529,1,0,1,1,1,68.1224720580718
"630",639,12817.4215745961,3.51597747475754,1,0,1,1,0,68.6648760838167
"631",640,11025.8301680929,0.183462949303344,0,1,1,0,0,79.6925881212198
"632",641,8817.57175431569,1.67112014518762,1,0,1,1,1,71.1669779199461
"633",642,9713.75175172826,0.89841418526677,0,1,0,1,1,69.4278613735398
"634",643,9723.70041037092,2.03700247616216,1,0,0,1,1,69.4975580161397
"635",644,7731.12518666419,0.143602089086389,0,0,1,0,0,68.6275131963724
"636",645,7253.23240535245,1.54551003437892,1,1,0,1,1,71.1727268581496
"637",646,5954.36842067067,1.06353270065594,0,0,0,1,1,78.4563940509786
"638",647,9005.1982169971,1.17625503689874,0,0,0,1,1,78.4366320000185
"639",648,5478.96013072179,1.96008049786117,0,1,0,1,1,71.2526112665308
"640",649,13222.4480203863,2.30386028312565,0,1,0,0,1,66.3872913390723
"641",650,6714.68735674249,0.266759757539067,0,0,0,0,0,77.4244330357711
"642",651,10533.9440682405,1.48101440023079,0,0,1,0,1,74.9123332091929
"643",652,10102.4605791094,1.62863746196551,1,0,1,1,1,70.3061578678101
"644",653,9640.4287106172,-0.144427560479643,0,1,1,1,1,71.1074508501075
"645",654,10197.4257228368,2.07051566203054,0,0,1,1,1,75.9799505729117
"646",655,10855.6859882751,0.621736963034236,1,0,0,0,1,70.7647092806861
"647",656,8127.18715122711,2.13851099061032,0,0,1,1,1,65.7759378239171
"648",657,11903.5259658608,2.64121420972299,0,1,0,0,1,65.3208026011473
"649",658,4741.88644526832,3.68236691880032,0,0,0,1,0,70.6182613759925
"650",659,10286.7066246791,0.420552812939558,0,0,1,1,1,70.0148266332466
"651",660,11188.0040306151,5.0886426281478,1,0,1,1,0,71.2017762568705
"652",661,12202.1385522339,3.7076068616678,1,1,0,0,0,63.56650461561
"653",662,12475.3839491378,2.6232443107126,0,0,0,1,1,74.6274569909755
"654",663,8110.71710327956,4.43123558947081,0,1,0,1,0,63.3008572696817
"655",664,8067.24978792387,1.97321396770055,0,1,0,0,0,74.6938886306812
"656",665,13550.3860472386,0.496007609138647,1,0,0,1,0,71.9778453668132
"657",666,11223.4636424272,1.72292972759219,0,0,1,1,1,71.8677579196323
"658",667,8941.84559824489,4.61056813698085,0,1,0,1,0,72.5456774927281
"659",668,8553.49547653403,1.93018709279274,0,1,0,1,1,64.6142124732172
"660",669,12442.7614181111,2.25369048701592,1,1,1,1,1,72.0991648015835
"661",670,7916.97234521533,1.58188090091245,1,0,1,1,0,70.6644221397475
"662",671,8273.69564893294,0.486154526710778,0,0,0,0,1,73.4011088053996
"663",672,9145.49349527131,2.76273584685374,0,0,0,1,0,72.3680965147595
"664",673,8033.44441523198,3.15534122898243,0,1,1,1,1,69.9799195300871
"665",674,13383.8137028771,2.87886768659997,1,0,1,1,0,70.4270084214573
"666",675,6140.63940576872,1.894659720115,0,0,1,1,0,71.4220020253835
"667",676,10579.0339020628,1.43772309514713,0,0,0,0,1,62.7124921488235
"668",677,9347.05376044828,3.93593836224151,0,0,1,0,1,73.016835473033
"669",678,9620.46852875704,1.22062785858826,1,1,0,1,1,78.1354479871241
"670",679,8260.67376267275,1.05781816091598,1,0,1,0,1,60.9045709769489
"671",680,11766.1583713581,2.37607456992419,0,1,1,1,1,72.5271620376447
"672",681,10567.6139383072,-0.542178931194226,0,0,1,1,0,62.2508353020554
"673",682,11596.7408591636,2.07380477326221,0,0,0,0,1,71.2067406449712
"674",683,12463.3436075305,1.76537519441194,1,0,0,0,1,74.0569861551148
"675",684,6525.14328274534,0.296150160828479,1,0,0,0,0,75.3141900669141
"676",685,10205.0282909723,1.23181106373219,1,0,0,1,1,72.4585428203495
"677",686,11911.8782411029,2.23005603576967,0,0,1,1,0,73.4247313912953
"678",687,11478.3665533877,1.37038600289672,0,0,0,1,1,63.3172360634764
"679",688,3728.63274072377,2.01762799018851,0,0,0,1,0,68.5525622196721
"680",689,10434.4830536692,2.89085046492777,1,0,0,1,1,60.5429599297699
"681",690,10276.4966592655,3.44142100908798,1,0,1,0,1,69.233215231939
"682",691,10668.0471523405,1.88690827464301,1,1,0,0,0,68.3246628970914
"683",692,11892.9705577958,3.30724285313304,0,0,1,0,0,64.7276873858274
"684",693,11948.4763561925,1.86506132625377,1,0,1,0,1,79.8780480754631
"685",694,10128.5640601082,1.86290022639234,0,1,0,0,1,71.5049350031833
"686",695,9728.82219113529,1.93958323584342,0,0,0,0,0,68.9885106716469
"687",696,9958.91050188063,1.05758440701402,0,1,1,0,0,76.3519566029586
"688",697,8830.82632276707,2.62603077195784,0,0,1,1,0,69.0553431338415
"689",698,10853.901137751,2.24646680898537,0,0,1,1,0,74.6880108023906
"690",699,7673.01554442745,3.55365649788137,1,1,0,1,1,70.4731307433915
"691",700,12030.182602256,1.2431118253954,0,0,0,0,0,74.1514288949261
"692",701,10072.8821210302,1.82309109862542,1,1,0,1,1,60.4150104589882
"693",702,7929.44191847276,-0.405068463441193,1,1,0,0,0,61.7878525739711
"694",703,7954.80531370542,2.17382403431627,0,1,1,1,0,67.0474755753715
"695",704,12924.8238080589,1.55269352470854,0,0,1,1,0,65.4695140405452
"696",705,10331.6754813193,1.79621947485712,0,1,0,0,1,74.2267128628045
"697",706,8974.93348720197,2.55865215915985,1,0,1,1,1,66.5100530670528
"698",707,9398.62205672467,2.81750993486411,1,0,0,1,0,63.928385464823
"699",708,8060.51688277117,0.620853762395758,1,1,1,1,0,64.3313810158138
"700",709,11603.6750717,0.768565304782644,1,1,0,1,1,74.5193243645044
"701",710,22749.2465224009,1.08208653871122,1,0,0,0,0,81.7916851136178
"702",711,15075.756737621,0.863704287832615,0,0,0,0,0,75.9554324387615
"703",712,17689.4067937105,0.918514609315781,1,0,0,0,0,86.998506359306
"704",713,9037.63261658884,1.07189773208921,0,0,1,0,0,80.9198952268068
"705",714,20366.7862824777,0.937378858735616,1,0,0,0,0,74.9875810777239
"706",715,19142.9288349217,0.947840730282606,1,0,1,0,0,91.9579056455595
"707",716,17946.8169694567,0.922242987996853,0,0,0,0,0,84.8134404016651
"708",717,8424.14868795457,1.04813592782383,1,0,1,0,0,88.9230646766369
"709",718,10632.0375640141,1.05406207416846,1,0,1,1,0,79.8583628353362
"710",719,27132.0081170476,0.94069421089146,0,0,0,0,0,85.7284556504694
"711",720,17404.4727985119,1.02256404584205,1,0,1,0,0,92.5547031536326
"712",721,24028.4714154052,1.03819999525763,1,0,0,0,1,89.9530199935737
"713",722,23723.2939148639,0.92426937459746,1,1,0,0,0,86.3731974588339
"714",723,19914.1601309318,1.10950761991873,1,1,1,0,0,85.9165556679549
"715",724,19249.887705846,0.924517151011122,1,0,0,0,0,89.7069447743906
"716",725,17377.2772405434,0.852519859245832,1,0,1,0,0,79.04162062332
"717",726,15396.2904923123,1.06812919075637,1,0,0,0,1,77.475266408509
"718",727,20751.6456496613,0.980202620665081,1,0,0,0,0,82.0520121302605
"719",728,16459.3925689309,0.884682323702095,1,0,1,0,0,83.6731261256932
"720",729,19306.477496527,0.789369240861554,1,1,1,0,0,80.3523523982522
"721",730,6254.80697463511,1.00768441579195,1,0,0,0,1,94.2625914135966
"722",731,18976.1987412801,1.04586454526631,1,0,0,0,0,87.9189704805104
"723",732,13205.8912134217,0.941332129447919,1,0,1,0,1,88.7446656397369
"724",733,19314.5302760487,0.949373867767692,1,0,1,0,1,83.4656168610679
"725",734,11704.7144961671,0.917423477711536,1,0,0,0,1,82.7200748379328
"726",735,21912.1271644467,1.02096778754185,1,0,0,0,0,83.0027925899314
"727",736,12805.95380317,0.982067608500056,1,0,0,1,0,73.3204496160336
"728",737,28180.1229142992,0.989584398856299,1,1,1,0,0,93.8089210307784
"729",738,10026.7399449833,0.916826147284404,0,0,1,0,0,82.631888546724
"730",739,10996.0096271955,1.13438065126059,1,0,1,0,0,82.0335328764364
"731",740,22639.5040336295,1.06145229074067,1,0,0,0,0,83.0480800010083
"732",741,21752.2808533193,0.750772775987483,1,0,0,0,0,90.2898661776983
"733",742,20200.9371067452,0.971717907036328,1,0,0,0,1,88.6642798154813
"734",743,18346.5212731016,1.04868559500775,0,0,1,0,1,92.8970679579279
"735",744,10728.9764595411,0.937374484651494,1,0,0,0,0,80.4171427779991
"736",745,7240.64282196932,0.927882197709816,0,0,0,0,0,91.4049203743531
"737",746,7659.87431870047,1.11285438583177,1,0,0,0,0,79.273969512117
"738",747,24273.3910319973,1.04499052606794,0,0,0,0,0,77.1829048442277
"739",748,19040.7573973953,1.01729391450274,1,0,0,1,0,88.2674081636917
"740",749,23328.362118715,0.935674364296294,1,0,1,0,0,81.266165156938
"741",750,18910.9943427661,1.28189794559515,1,0,1,0,0,81.1545047252973
"742",751,12225.4344554635,0.972947404720915,1,0,1,0,0,89.7401899693045
"743",752,11360.8381091464,1.09288566603687,1,0,1,0,0,91.9177629855948
"744",753,17226.8879541086,0.933437896312343,0,0,0,0,0,75.9669107267851
"745",754,17811.9903792468,0.784535746356428,1,0,0,0,0,84.8885573095145
"746",755,18797.482640074,0.968161268342628,1,0,0,0,0,75.539341233335
"747",756,17981.3871011025,1.00647791464431,1,0,0,0,0,84.3469459676937
"748",757,25109.1616185604,0.864793887071157,0,0,0,0,0,86.7933552145887
"749",758,20380.4917042674,0.892606271888374,1,0,0,0,0,89.6405967514037
"750",759,15327.5520558982,1.02726476304761,1,0,0,0,0,83.9839205794381
"751",760,8264.00733846557,1.07155933432259,1,0,1,0,0,88.1506764495355
"752",761,15509.0926528755,1.03083689947853,1,0,0,0,0,86.2858356748109
"753",762,9119.94095054456,0.846247729112831,1,0,1,0,0,86.5793153723104
"754",763,7395.42978055473,1.0637648099506,1,0,1,1,0,83.054699520456
"755",764,8225.62091855897,1.11171136618596,0,1,0,0,0,92.4854374652098
"756",765,16945.9610762448,0.830245708697123,1,0,0,1,0,88.0484249571934
"757",766,23655.9326393214,0.976824563060247,1,0,1,0,0,87.9466639990174
"758",767,19093.7904373069,0.959154002624828,1,0,1,0,0,93.4689248806025
"759",768,18622.559613246,0.933627531043544,0,0,0,0,0,84.8160855160783
"760",769,21720.150660364,1.13157931021118,1,0,0,1,0,82.8500684554286
"761",770,8750.67350185696,1.08741446972777,1,0,1,0,0,78.6691059480475
"762",771,7844.57153729795,0.942998220579643,1,1,1,0,0,88.0054481191183
"763",772,13422.3974051764,0.861766323784746,1,0,0,1,0,86.6202481006114
"764",773,20552.3229828536,0.825398363562727,1,0,1,0,0,83.0510820085262
"765",774,9274.40498494643,0.89583373066422,0,0,0,0,1,83.6396879368209
"766",775,13946.5275517085,1.00183074046415,1,0,0,0,0,88.2180022146453
"767",776,18249.5260282307,0.830168599653944,1,0,1,0,0,82.3869362586464
"768",777,3346.52208768582,1.05143546342692,1,0,0,0,0,74.5889143724377
"769",778,15017.5779598607,0.995349055630284,1,0,1,0,1,78.9208549608071
"770",779,17987.9900237199,0.810610838751447,1,0,0,0,0,84.9966990567374
"771",780,9540.66915161812,0.899989764071113,1,0,0,0,0,81.6622605695496
"772",781,12209.1565282996,0.877686603211025,0,0,0,0,1,83.8263967228669
"773",782,14762.2693073223,1.01563500543451,1,0,1,0,0,90.7448418496264
"774",783,19282.2351144488,1.1319552377126,1,0,0,1,0,85.3339078527864
"775",784,16780.6634905287,1.02299578550301,1,0,0,0,0,89.6144418709307
"776",785,13333.1316188978,0.863660439483436,0,0,1,1,1,89.2935317928122
"777",786,16777.1352665253,0.952003709501762,1,1,0,0,1,85.5616176388174
"778",787,12457.4866100118,0.928953027805098,1,0,0,0,0,81.080446553159
"779",788,12299.4251785592,0.983669171905605,1,0,0,0,0,83.5714890130061
"780",789,29182.3433339136,0.880971510286942,1,0,0,0,0,91.4470447222582
"781",790,19900.9119996701,0.938376539672544,1,1,1,0,0,86.6601222207728
"782",791,11112.370390664,0.93391906973542,1,0,0,0,0,96.8571129215551
"783",792,21143.8904434361,0.918796891268289,0,0,0,0,0,81.2828749705692
"784",793,14598.4047019857,0.865002396803375,1,0,1,0,1,86.4435110724351
"785",794,16847.6586192449,1.02182641423857,1,0,0,0,1,84.8554222891486
"786",795,19212.4484255844,1.06627515928509,1,0,1,0,0,88.546007920861
"787",796,13622.4365421153,0.786739288231132,1,0,0,0,0,87.5466735540392
"788",797,16901.882742829,1.11153720500975,1,0,1,0,0,90.7745350353967
"789",798,11148.9078088051,0.868590301334911,1,0,0,0,0,85.1501133295928
"790",799,7104.31604797638,1.07623019385232,1,0,1,0,0,81.971892845663
"791",800,20401.0901671567,1.0904007441536,1,0,0,0,0,89.4124317643659
"792",801,16784.050032988,0.955663535040906,1,1,0,0,0,87.9922140728794
"793",802,14045.8611939048,0.739654610693482,1,0,0,1,0,87.8043929131898
"794",803,16675.3379611891,1.05768610182835,0,0,0,0,0,83.8477521564824
"795",804,16034.5415338036,1.07774038466594,1,0,1,0,0,82.4400405917508
"796",805,13185.3249608935,1.05676153277409,1,0,1,0,0,88.324050582091
"797",806,9830.07143308717,0.955134562931509,0,0,0,0,1,92.1421435694546
"798",807,23745.2006549619,1.02605370734351,0,0,0,0,1,89.5448334547031
"799",808,15660.4924565841,0.88188610328542,0,0,0,0,0,80.6900065445008
"800",809,5970.73012731435,0.980891956257354,0,0,0,0,0,87.8423748461668
